class,x1,y1,z1,x2,y2,z2,x3,y3,z3,x4,y4,z4,x5,y5,z5,x6,y6,z6,x7,y7,z7,x8,y8,z8,x9,y9,z9,x10,y10,z10,x11,y11,z11,x12,y12,z12,x13,y13,z13,x14,y14,z14,x15,y15,z15,x16,y16,z16,x17,y17,z17,x18,y18,z18,x19,y19,z19,x20,y20,z20,x21,y21,z21,x22,y22,z22,x23,y23,z23,x24,y24,z24,x25,y25,z25,x26,y26,z26,x27,y27,z27,x28,y28,z28,x29,y29,z29,x30,y30,z30,x31,y31,z31,x32,y32,z32,x33,y33,z33
lay,0.14963,0.37726,-0.20168,0.13444,0.38662,-0.16897,0.13443,0.38707,-0.16902,0.13434,0.38797,-0.169,0.13271,0.39826,-0.2219,0.13162,0.40626,-0.22195,0.13032,0.41563,-0.22206,0.13823,0.41965,0.02261,0.13517,0.46099,-0.21961,0.16564,0.38813,-0.12473,0.1644,0.40135,-0.19498,0.23587,0.42961,0.26182,0.21684,0.54675,-0.3298,0.34636,0.43671,0.48288,0.32237,0.65362,-0.58154,0.40469,0.35213,0.49463,0.41054,0.74097,-0.85044,0.42979,0.33085,0.52061,0.44141,0.78824,-0.92636,0.42662,0.32929,0.45961,0.4441,0.7811,-0.93114,0.41856,0.34217,0.46794,0.4358,0.75952,-0.85864,0.49505,0.41618,0.1859,0.49741,0.51038,-0.18601,0.66056,0.34254,0.26224,0.68482,0.49978,-0.25238,0.83218,0.44988,0.43151,0.87927,0.58049,-0.21271,0.85176,0.49875,0.43928,0.90417,0.61255,-0.21876,0.89821,0.32836,0.35271,0.96391,0.48632,-0.40069
lay,0.28547,0.31106,-0.0321,0.25846,0.2884,-0.03782,0.25604,0.26993,-0.03769,0.25358,0.25018,-0.03784,0.26313,0.32424,0.00091,0.2644,0.33272,0.00093,0.26615,0.34284,0.0008,0.25769,0.1928,0.01846,0.2729,0.32474,0.20173,0.31112,0.25821,-0.00917,0.31363,0.30887,0.04296,0.39964,0.04796,-0.06307,0.37717,0.31175,0.33578,0.55817,0.20485,-0.20845,0.4594,0.5329,0.15868,0.36101,0.29288,-0.14608,0.31255,0.52487,-0.18342,0.31763,0.3194,-0.13769,0.29739,0.52415,-0.21534,0.29462,0.24466,-0.13455,0.29335,0.5065,-0.18397,0.31155,0.24068,-0.14011,0.2994,0.49255,-0.18574,0.74736,0.24456,-0.14412,0.70694,0.36523,0.14365,0.49595,0.49366,-0.27634,0.4512,0.67378,0.08935,0.75819,0.83479,-0.34979,0.70947,0.92017,-0.1072,0.81095,0.8136,-0.34992,0.77387,0.8597,-0.13141,0.82004,1.09888,-0.43268,0.76874,1.14933,-0.22481
lay,0.19094,0.57621,-0.19034,0.17879,0.5593,-0.17509,0.17989,0.55121,-0.17507,0.18116,0.54341,-0.17511,0.17626,0.58145,-0.16006,0.17561,0.58862,-0.16003,0.175,0.59523,-0.16011,0.18976,0.52648,-0.06374,0.17924,0.59732,0.0063,0.20923,0.56549,-0.14526,0.20486,0.59269,-0.12572,0.27246,0.49519,-0.08324,0.24264,0.62506,0.1258,0.27708,0.6464,-0.26638,0.28278,0.607,0.31186,0.143,0.67638,-0.35571,0.25248,0.56111,0.49729,0.10479,0.68439,-0.38639,0.24484,0.54449,0.52509,0.0995,0.67571,-0.37016,0.24139,0.54474,0.5232,0.11175,0.67231,-0.35113,0.24586,0.54954,0.50063,0.48395,0.54676,-0.06605,0.48421,0.63564,0.06596,0.39061,0.59481,-0.54424,0.67454,0.66464,0.01192,0.62585,0.62381,-0.53336,0.85357,0.68865,0.14033,0.64042,0.60714,-0.53052,0.86781,0.68039,0.14584,0.68465,0.67855,-0.65097,0.88559,0.70927,0.01329
lay,0.74361,0.11543,0.12871,0.75436,0.11211,0.18273,0.7578,0.11509,0.18253,0.76133,0.11803,0.18222,0.74151,0.10299,0.16456,0.73536,0.09924,0.16465,0.72913,0.09546,0.16478,0.75434,0.12236,0.40494,0.70385,0.09403,0.31826,0.73715,0.12935,0.20935,0.72177,0.11906,0.18373,0.73602,0.18595,0.42559,0.57226,0.15134,0.40024,0.77852,0.27213,0.41388,0.45465,0.22436,0.4928,0.86365,0.33549,0.16531,0.32926,0.25869,0.45546,0.89255,0.35538,0.11696,0.28501,0.26971,0.45349,0.89555,0.35492,0.05653,0.28321,0.2667,0.38059,0.88518,0.34998,0.12902,0.29693,0.26639,0.42279,0.62064,0.34419,-0.00941,0.50503,0.32352,0.00962,0.63373,0.53498,-0.34979,0.36978,0.48075,-0.20612,0.59812,0.74023,-0.38027,0.2437,0.67825,-0.24654,0.55896,0.75978,-0.39072,0.2494,0.71879,-0.26349,0.64949,0.83059,-0.60897,0.10566,0.72517,-0.51525
lay,0.68239,0.2267,0.2741,0.6905,0.21622,0.29487,0.68896,0.21472,0.29473,0.68725,0.21335,0.29453,0.69364,0.21464,0.23473,0.69432,0.21187,0.23474,0.69486,0.20881,0.23472,0.67013,0.19448,0.37031,0.68093,0.1852,0.09768,0.6645,0.22726,0.30789,0.66962,0.225,0.22648,0.57053,0.21615,0.47356,0.61431,0.1662,-0.05574,0.68877,0.2686,0.66191,0.71038,0.27028,-0.05058,0.82932,0.22701,0.76277,0.82214,0.24925,0.16674,0.86199,0.21561,0.79382,0.86039,0.2385,0.16882,0.86116,0.21056,0.80082,0.85912,0.22849,0.1751,0.85101,0.21468,0.76547,0.84356,0.23188,0.17887,0.39442,0.33714,0.17032,0.39348,0.32272,-0.17027,0.58293,0.45703,0.18039,0.47696,0.53863,-0.36087,0.35149,0.50691,0.25182,0.28047,0.72797,-0.53235,0.32281,0.48045,0.26185,0.22335,0.73792,-0.54166,0.28272,0.5698,0.26335,0.30473,0.84626,-0.62134
lay,0.21808,0.56034,-0.23865,0.21335,0.52973,-0.20427,0.21809,0.52379,-0.20418,0.22277,0.51737,-0.20434,0.19482,0.54669,-0.21796,0.18761,0.55245,-0.218,0.18035,0.55835,-0.21793,0.22585,0.51413,0.00282,0.16751,0.57593,-0.0679,0.23465,0.56684,-0.15975,0.2146,0.59378,-0.18035,0.31259,0.51031,0.03149,0.19,0.71201,-0.00026,0.46428,0.51779,0.06713,0.05339,0.77334,-0.07814,0.58721,0.45659,-0.01045,0.12688,0.58862,0.1173,0.62288,0.44623,-0.03383,0.14482,0.55391,0.10494,0.62149,0.44233,-0.08326,0.15411,0.56526,0.1666,0.61126,0.44875,-0.03489,0.15161,0.57859,0.13476,0.53944,0.59813,0.00133,0.5332,0.74125,-0.00106,0.66589,0.48656,-0.48226,0.64991,0.84026,-0.53574,0.65156,0.7503,-0.07279,0.84272,0.78824,-0.30625,0.66798,0.76839,-0.02138,0.8533,0.76178,-0.2774,0.73532,0.84142,-0.08521,0.96186,0.79822,-0.42472
lay,0.68179,0.16081,1.15313,0.67873,0.14781,1.11922,0.67539,0.14645,1.11939,0.67213,0.14505,1.11981,0.68601,0.14862,1.09511,0.68802,0.14804,1.0952,0.69042,0.14747,1.09489,0.659,0.14344,0.97901,0.6905,0.14872,0.8673,0.67285,0.16734,1.10961,0.68051,0.16785,1.07722,0.56111,0.16808,0.81724,0.73238,0.18956,0.59897,0.49094,0.14801,1.0401,0.8777,0.18526,0.63053,0.56006,0.13974,1.35644,0.79845,0.12987,0.7836,0.56717,0.13528,1.39642,0.7893,0.1142,0.80154,0.57394,0.13766,1.41165,0.77905,0.11867,0.79828,0.57452,0.14027,1.36467,0.77715,0.12741,0.78845,0.49732,0.35609,0.02122,0.6197,0.37832,-0.02062,0.30939,0.5207,0.13674,0.58492,0.5721,-0.05288,0.12947,0.69308,-0.50929,0.56809,0.78473,-0.72309,0.11007,0.70404,-0.56362,0.56816,0.80121,-0.77283,0.08921,0.77561,-0.5121,0.50998,0.84714,-0.75307
lay,0.2333,0.62821,-0.1818,0.21765,0.63459,-0.17064,0.21622,0.63164,-0.17071,0.21446,0.62841,-0.17078,0.22147,0.65068,-0.18501,0.22329,0.65982,-0.18501,0.22513,0.67009,-0.18492,0.21546,0.63552,-0.05925,0.23204,0.70016,-0.13025,0.24462,0.61659,-0.13629,0.25037,0.63686,-0.15585,0.2798,0.5483,0.02745,0.32687,0.72444,-0.11195,0.37759,0.45885,0.13234,0.46017,0.72203,-0.132,0.42337,0.35073,0.10259,0.56482,0.76037,-0.2194,0.43561,0.31409,0.07836,0.5974,0.78345,-0.25021,0.43486,0.31314,0.03479,0.59629,0.77888,-0.28406,0.43164,0.32691,0.08129,0.58828,0.76514,-0.23641,0.5149,0.44986,0.03671,0.54373,0.56337,-0.03667,0.64684,0.30875,0.15547,0.73013,0.55016,-0.0195,0.74145,0.2434,0.39294,0.87586,0.54931,0.02171,0.75635,0.25367,0.41584,0.88983,0.54375,0.02411,0.77707,0.1421,0.38872,0.94833,0.52371,-0.07818
lay,0.62531,0.19566,0.91467,0.62962,0.1822,0.851,0.62986,0.17939,0.85117,0.62961,0.17631,0.85102,0.63755,0.18653,0.9075,0.64433,0.18718,0.90766,0.64814,0.1898,0.90734,0.66399,0.16462,0.59202,0.70226,0.17329,0.84814,0.63823,0.19321,0.82117,0.64643,0.19851,0.89433,0.68667,0.14523,0.27104,0.76591,0.216,0.84513,0.54007,0.21509,0.39849,0.59888,0.23742,1.08518,0.49123,0.15109,0.83002,0.50036,0.16103,1.28731,0.48407,0.14037,0.88544,0.48809,0.14049,1.32903,0.49822,0.13516,0.86016,0.49307,0.1346,1.32304,0.50147,0.13921,0.83844,0.49885,0.14076,1.28909,0.64412,0.36625,-0.21077,0.70549,0.40502,0.21035,0.3885,0.50151,-0.39797,0.36527,0.50717,0.08074,0.48354,0.71046,-0.80853,0.4053,0.70382,-0.26769,0.53444,0.73476,-0.84073,0.44184,0.74322,-0.32017,0.3908,0.81296,-0.81299,0.31019,0.78093,-0.37605
lay,0.2068,0.41831,-0.50441,0.18524,0.38868,-0.49713,0.18457,0.37408,-0.49714,0.18369,0.36099,-0.4974,0.18408,0.42898,-0.4692,0.1825,0.44099,-0.4692,0.18073,0.45164,-0.46933,0.18298,0.3338,-0.34242,0.17613,0.45357,-0.21624,0.22772,0.39314,-0.43715,0.22551,0.43951,-0.40158,0.30322,0.23902,-0.36321,0.25648,0.49647,0.05327,0.47072,0.39786,-0.57276,0.30723,0.58906,0.07888,0.32807,0.58636,-0.70781,0.19495,0.63234,-0.05412,0.29646,0.61568,-0.7479,0.16985,0.64099,-0.07585,0.27523,0.59622,-0.73312,0.16374,0.62535,-0.07268,0.28829,0.58319,-0.70053,0.1895,0.62465,-0.06097,0.60678,0.29733,-0.12086,0.57966,0.47805,0.12099,0.75251,0.54151,-0.53611,0.71718,0.65287,-0.34959,0.97738,0.52666,-0.322,0.96459,0.58933,-0.18615,0.98939,0.49618,-0.30102,0.97741,0.55565,-0.17559,1.08579,0.64685,-0.45847,1.06379,0.66038,-0.34764
sit,0.54785,0.18981,-0.10392,0.53919,0.16952,-0.06986,0.53734,0.16849,-0.07013,0.53512,0.16749,-0.07025,0.53493,0.16992,-0.15982,0.53002,0.16919,-0.15979,0.52431,0.1686,-0.15987,0.49629,0.16952,0.08744,0.48605,0.17211,-0.31808,0.53287,0.20979,-0.03636,0.52625,0.21044,-0.15386,0.40278,0.27528,0.36709,0.40918,0.26891,-0.54546,0.48941,0.42296,0.42375,0.52179,0.42499,-0.56752,0.607,0.53509,0.2364,0.64309,0.52647,-0.32353,0.6413,0.5665,0.22345,0.68591,0.55311,-0.37544,0.64723,0.5597,0.15363,0.69374,0.54829,-0.36727,0.6314,0.5489,0.19773,0.68029,0.53948,-0.31373,0.35926,0.52821,0.27768,0.34427,0.53589,-0.27846,0.65814,0.61129,0.32221,0.65236,0.45702,-0.23223,0.76227,0.80294,0.38239,0.73098,0.58784,0.36399,0.73023,0.8412,0.3871,0.70816,0.62146,0.43441,0.90859,0.85614,0.35274,0.82008,0.57389,0.57637
sit,0.43751,0.29459,-0.70223,0.45363,0.2757,-0.68156,0.46445,0.2753,-0.68132,0.47287,0.27493,-0.6814,0.41932,0.27564,-0.67333,0.41046,0.27498,-0.67349,0.40344,0.27426,-0.67345,0.49022,0.27492,-0.46896,0.39541,0.27602,-0.42999,0.45831,0.30983,-0.6128,0.42403,0.31188,-0.60246,0.58439,0.33075,-0.32576,0.36356,0.34881,-0.20308,0.70538,0.44995,-0.39337,0.36859,0.48183,-0.43194,0.5686,0.51809,-0.546,0.40661,0.36336,-0.80944,0.55928,0.55803,-0.59075,0.39915,0.33418,-0.88255,0.52787,0.55487,-0.58594,0.39098,0.3249,-0.84474,0.52736,0.54194,-0.54009,0.39705,0.33527,-0.7986,0.60166,0.49298,-0.04553,0.46975,0.50128,0.04533,0.66071,0.5217,-0.84648,0.35093,0.50895,-0.7201,0.56065,0.72296,-0.66669,0.42248,0.72717,-0.57266,0.54683,0.74748,-0.65321,0.44823,0.74846,-0.56404,0.51709,0.79472,-0.93095,0.40078,0.79702,-0.81519
sit,0.5693,0.21397,-0.81802,0.60127,0.1941,-0.79444,0.61563,0.19575,-0.79416,0.62904,0.19756,-0.79402,0.55596,0.18844,-0.76428,0.54323,0.18659,-0.76447,0.53369,0.18495,-0.76421,0.65969,0.20994,-0.58722,0.5266,0.19297,-0.4614,0.59074,0.24062,-0.73715,0.54322,0.23632,-0.70069,0.66293,0.33456,-0.62565,0.50559,0.29074,-0.07862,0.6074,0.46386,-0.58782,0.37219,0.34712,-0.3743,0.45373,0.53424,-0.49614,0.41152,0.27625,-1.00582,0.42145,0.56765,-0.52633,0.41891,0.23935,-1.09411,0.39941,0.5557,-0.53376,0.43331,0.23098,-1.06446,0.40795,0.54536,-0.4858,0.44029,0.24317,-1.00871,0.60888,0.55514,-0.23731,0.51528,0.52724,0.23689,0.31439,0.639,-0.44176,0.24777,0.59241,0.13268,0.28655,0.83199,-0.26451,0.25424,0.74396,0.43468,0.31757,0.86713,-0.2522,0.28518,0.77697,0.45857,0.13645,0.88253,-0.3815,0.11175,0.76521,0.42069
sit,0.29422,0.22634,-0.14056,0.30266,0.21171,-0.1092,0.30631,0.21277,-0.10936,0.30964,0.21346,-0.10946,0.29044,0.20663,-0.12232,0.28593,0.20455,-0.12226,0.28232,0.20275,-0.12223,0.31366,0.21708,0.04499,0.2751,0.20413,-0.01185,0.29796,0.24457,-0.083,0.28378,0.24083,-0.09968,0.32872,0.30097,0.14614,0.23837,0.29059,-0.07296,0.36718,0.4041,0.01747,0.29303,0.39824,-0.19475,0.40923,0.46855,-0.26344,0.38264,0.4586,-0.27345,0.4237,0.49434,-0.3187,0.39402,0.48322,-0.31748,0.41668,0.49199,-0.34148,0.40057,0.48111,-0.32128,0.41007,0.48387,-0.28033,0.39401,0.47101,-0.27497,0.30929,0.52977,0.09704,0.26306,0.54882,-0.09689,0.4235,0.55382,-0.10442,0.39111,0.58713,-0.30995,0.41751,0.75691,-0.06192,0.42363,0.79682,-0.234,0.40351,0.80335,-0.06257,0.40459,0.82514,-0.22646,0.46445,0.83668,-0.1501,0.46948,0.8472,-0.32201
sit,0.53575,0.16289,-0.47173,0.56536,0.14638,-0.45146,0.58099,0.14717,-0.45151,0.59492,0.14802,-0.45167,0.52955,0.14405,-0.41338,0.52113,0.14345,-0.41345,0.51359,0.14288,-0.41366,0.62365,0.15845,-0.26097,0.52129,0.15229,-0.08752,0.56219,0.18647,-0.39527,0.5215,0.18258,-0.34559,0.7041,0.30046,-0.16898,0.42747,0.23899,0.01363,0.59017,0.43695,-0.23696,0.41895,0.40197,-0.0229,0.52948,0.5457,-0.43195,0.46459,0.53403,-0.26507,0.52115,0.58631,-0.51168,0.45783,0.57339,-0.34489,0.49895,0.5857,-0.56069,0.48302,0.57373,-0.38803,0.50288,0.57114,-0.45227,0.48958,0.56091,-0.28663,0.55983,0.513,-0.01367,0.40461,0.49777,0.01385,0.73602,0.57122,-1.17451,0.33664,0.59135,-1.05413,0.41794,0.72655,-0.97884,0.53638,0.77919,-0.85137,0.39246,0.7211,-0.96444,0.56428,0.78892,-0.83699,0.36906,0.8099,-1.32599,0.54855,0.88783,-1.21381
sit,0.42176,0.24793,-0.64796,0.43192,0.22217,-0.64197,0.44343,0.21823,-0.6417,0.45433,0.21466,-0.64168,0.40289,0.23071,-0.6074,0.39499,0.23225,-0.60768,0.38782,0.23342,-0.60782,0.48676,0.2125,-0.49303,0.40274,0.23226,-0.33783,0.46024,0.26332,-0.58503,0.42994,0.27166,-0.53955,0.63159,0.3006,-0.55941,0.45632,0.32121,-0.03743,0.61467,0.47732,-0.61606,0.45026,0.464,0.03111,0.42589,0.56633,-0.59921,0.3562,0.56423,-0.20459,0.38198,0.60206,-0.6579,0.32954,0.60391,-0.26308,0.35455,0.58112,-0.65656,0.32311,0.58936,-0.32678,0.36699,0.56957,-0.59611,0.33335,0.57653,-0.24197,0.76879,0.50797,-0.21302,0.65303,0.49809,0.21235,0.48216,0.61038,-0.55839,0.34297,0.58771,-0.10066,0.46042,0.86514,-0.66072,0.31045,0.83591,-0.26707,0.51881,0.91214,-0.66632,0.35067,0.88055,-0.29082,0.32706,0.93775,-0.79896,0.15222,0.91002,-0.40801
sit,0.54933,0.16494,-0.49387,0.57102,0.14902,-0.53632,0.57754,0.15026,-0.53638,0.58491,0.15157,-0.5366,0.56377,0.14568,-0.45276,0.56451,0.14466,-0.45282,0.56551,0.14366,-0.453,0.62866,0.16654,-0.61707,0.60545,0.15862,-0.24975,0.56027,0.1898,-0.52083,0.5513,0.18525,-0.41343,0.67292,0.28814,-0.80251,0.60319,0.27175,0.06743,0.64074,0.44673,-0.8857,0.5881,0.41945,0.16393,0.49753,0.51686,-0.79021,0.48444,0.48995,-0.00819,0.46465,0.54041,-0.88095,0.44688,0.51871,-0.02712,0.44883,0.52834,-0.86819,0.44437,0.51406,-0.09922,0.46202,0.51956,-0.78272,0.4617,0.50586,-0.04719,0.67937,0.5256,-0.28013,0.61222,0.49969,0.28021,0.37807,0.58901,-0.43222,0.36614,0.58004,0.12477,0.36668,0.79059,-0.17285,0.33088,0.76723,0.4091,0.39859,0.82874,-0.14597,0.37303,0.80246,0.4308,0.22426,0.8458,-0.22477,0.21874,0.82266,0.36519
sit,0.50888,0.17675,-1.01401,0.52088,0.15254,-0.97889,0.53175,0.15221,-0.97872,0.5416,0.15183,-0.97886,0.48829,0.15234,-0.98577,0.47296,0.1523,-0.98593,0.45884,0.15204,-0.98575,0.54999,0.15584,-0.66214,0.4262,0.15673,-0.69343,0.52348,0.20007,-0.88277,0.48135,0.2015,-0.89208,0.64092,0.26472,-0.39347,0.31768,0.26643,-0.42115,0.66149,0.43205,-0.39967,0.27489,0.42838,-0.41198,0.56227,0.5213,-0.72918,0.3804,0.52034,-0.70102,0.53143,0.55555,-0.84382,0.40606,0.55424,-0.8142,0.51098,0.5341,-0.87978,0.42595,0.53756,-0.85811,0.51594,0.51838,-0.74824,0.41839,0.5222,-0.72197,0.55899,0.49733,-0.00718,0.37096,0.492,0.00796,0.7072,0.57434,-1.0047,0.24211,0.57368,-1.02781,0.69119,0.8431,-0.89496,0.25053,0.84709,-0.90927,0.65777,0.87229,-0.89736,0.289,0.88637,-0.90855,0.71064,0.9378,-1.33955,0.19245,0.94186,-1.32703
sit,0.49727,0.21596,-0.33327,0.51,0.19857,-0.31043,0.51982,0.19736,-0.31042,0.52789,0.19608,-0.31068,0.48458,0.20031,-0.28113,0.477,0.20058,-0.28103,0.47015,0.20096,-0.28099,0.54379,0.19902,-0.114,0.46867,0.20709,0.02192,0.52218,0.23259,-0.2549,0.49022,0.23413,-0.21613,0.62754,0.29326,-0.15723,0.44146,0.29607,0.34827,0.70425,0.42385,-0.1952,0.4644,0.41274,0.49618,0.6507,0.53573,-0.27959,0.46381,0.51638,0.31931,0.6444,0.56512,-0.34345,0.44325,0.5289,0.30295,0.62545,0.55972,-0.36774,0.43914,0.52815,0.22621,0.62156,0.54964,-0.28588,0.43871,0.51821,0.28418,0.53602,0.51886,-0.22321,0.44696,0.52376,0.22332,0.29253,0.37825,-0.58177,0.19645,0.58957,-0.00347,0.24397,0.59098,-0.2688,0.25192,0.80901,0.13056,0.28735,0.61013,-0.23157,0.29585,0.82391,0.13627,0.1501,0.6601,-0.28639,0.19526,0.89313,0.0184
sit,0.38765,0.20798,-0.46182,0.40204,0.19353,-0.39788,0.40925,0.1946,-0.39821,0.41601,0.19549,-0.3984,0.37737,0.1877,-0.44077,0.36679,0.18546,-0.44095,0.35468,0.18323,-0.441,0.40922,0.19841,-0.0534,0.31798,0.18418,-0.24513,0.38666,0.22668,-0.32737,0.35673,0.22159,-0.38334,0.44809,0.29849,0.20155,0.18312,0.29466,-0.27561,0.45574,0.42902,0.03247,0.24529,0.43877,-0.46391,0.48382,0.50378,-0.47116,0.44984,0.48527,-0.68149,0.50161,0.52726,-0.56029,0.49588,0.50257,-0.79278,0.49988,0.52083,-0.6125,0.50902,0.48938,-0.78299,0.48537,0.50807,-0.50902,0.49035,0.48339,-0.67609,0.39362,0.55858,0.17761,0.25527,0.56455,-0.17626,0.55143,0.62244,-0.38888,0.53255,0.52275,-1.05087,0.46137,0.84423,-0.27405,0.77253,0.73155,-1.07895,0.42279,0.8652,-0.26982,0.77653,0.78641,-1.08197,0.49881,0.93876,-0.5459,0.91784,0.74795,-1.39841
stand,0.49508,0.13994,-0.21255,0.50183,0.12318,-0.19574,0.50533,0.12346,-0.1958,0.50838,0.12365,-0.1958,0.49037,0.12317,-0.19474,0.48668,0.12327,-0.19474,0.48337,0.12387,-0.19476,0.51476,0.133,-0.08906,0.4791,0.13393,-0.0855,0.50255,0.16132,-0.17208,0.48786,0.16177,-0.1712,0.54053,0.24361,-0.03301,0.45004,0.23919,-0.00583,0.54048,0.38088,-0.00666,0.43749,0.37538,0.03353,0.56473,0.49307,-0.12198,0.41992,0.49362,-0.06641,0.57213,0.5279,-0.15513,0.41011,0.53244,-0.09625,0.56852,0.5279,-0.18992,0.41452,0.53201,-0.13553,0.56435,0.52025,-0.13867,0.41975,0.52194,-0.08496,0.5188,0.49989,-0.01151,0.46477,0.49777,0.0115,0.51271,0.70752,-0.02525,0.47281,0.70109,-0.0068,0.5207,0.88673,0.11213,0.47528,0.88814,0.13644,0.51737,0.90803,0.11723,0.4797,0.90821,0.14225,0.52266,0.93938,-0.02104,0.4657,0.93488,0.01018
stand,0.51727,0.11938,-0.66659,0.53082,0.10234,-0.6091,0.53672,0.10236,-0.60908,0.5436,0.10226,-0.60914,0.50416,0.1011,-0.61107,0.4933,0.1003,-0.6111,0.4821,0.09962,-0.61093,0.55365,0.1093,-0.2653,0.46109,0.10669,-0.27105,0.52967,0.13793,-0.53497,0.49505,0.13536,-0.538,0.62899,0.21811,-0.08427,0.37863,0.19413,-0.0792,0.71107,0.33892,-0.03147,0.29735,0.24147,-0.49085,0.62303,0.44949,-0.17674,0.41626,0.16557,-1.16563,0.59127,0.48218,-0.22388,0.44569,0.14442,-1.31709,0.57274,0.47421,-0.27541,0.45191,0.14012,-1.29115,0.58103,0.46185,-0.1921,0.44575,0.14873,-1.17633,0.53537,0.46049,-0.04919,0.39558,0.46131,0.04891,0.53435,0.65508,-0.1102,0.37228,0.65126,0.0236,0.51004,0.83536,0.37025,0.46219,0.78929,0.6486,0.51694,0.85561,0.39395,0.48749,0.79739,0.69663,0.4897,0.90973,-0.01227,0.44792,0.86479,0.40227
stand,0.49888,0.16447,-0.98163,0.51221,0.15155,-0.93465,0.5187,0.15208,-0.93464,0.52741,0.15275,-0.93469,0.48503,0.15082,-0.93573,0.47419,0.15066,-0.93576,0.46392,0.15071,-0.93568,0.54087,0.16234,-0.61121,0.44522,0.16067,-0.61122,0.51646,0.18288,-0.85632,0.47926,0.1811,-0.85684,0.61599,0.25556,-0.38417,0.37329,0.25802,-0.27941,0.75153,0.34227,-0.40578,0.33797,0.38767,-0.07482,0.64795,0.40194,-0.84545,0.34515,0.49896,-0.30888,0.61149,0.41363,-0.95778,0.33705,0.53498,-0.38291,0.60008,0.40026,-0.98738,0.35769,0.53372,-0.46412,0.6089,0.3964,-0.86166,0.36638,0.52401,-0.34266,0.5662,0.47764,-0.05863,0.42157,0.48253,0.05833,0.56389,0.66924,-0.10693,0.41411,0.67517,0.04555,0.58426,0.84333,0.24803,0.40795,0.84799,0.37422,0.57765,0.86227,0.25982,0.42657,0.86927,0.38514,0.56357,0.91616,-0.12369,0.37537,0.91418,0.04441
stand,0.44718,0.10138,-0.5344,0.45301,0.08544,-0.47981,0.45882,0.08546,-0.47994,0.4658,0.08556,-0.47992,0.43104,0.0856,-0.51506,0.42158,0.08571,-0.51512,0.41321,0.08615,-0.51523,0.46948,0.09359,-0.14053,0.3932,0.0946,-0.29335,0.45857,0.12013,-0.40297,0.42977,0.11908,-0.44766,0.52816,0.18984,0.13347,0.32867,0.19431,-0.24667,0.59739,0.31011,-0.09068,0.38277,0.3255,-0.18324,0.47851,0.29902,-0.6977,0.51822,0.31869,-0.16749,0.43904,0.2987,-0.8316,0.55421,0.32129,-0.22716,0.43597,0.28684,-0.81655,0.555,0.31065,-0.28091,0.44909,0.28587,-0.70893,0.54206,0.30951,-0.18133,0.51504,0.44937,0.13595,0.39991,0.45374,-0.13579,0.55097,0.63365,0.18399,0.39178,0.64664,-0.10164,0.53111,0.82396,0.48399,0.39662,0.84708,0.14595,0.4988,0.8534,0.49395,0.38788,0.87358,0.14879,0.65545,0.86967,0.19202,0.44691,0.89404,-0.21764
stand,0.44066,0.15227,-0.44173,0.45421,0.13665,-0.38555,0.46043,0.13748,-0.38546,0.46559,0.13834,-0.38539,0.4324,0.13428,-0.40992,0.42274,0.13314,-0.40999,0.41445,0.13209,-0.41014,0.4762,0.14918,-0.08874,0.39984,0.14194,-0.21106,0.45269,0.17115,-0.33314,0.42351,0.16798,-0.3678,0.52136,0.23336,0.10669,0.31498,0.2401,-0.13948,0.65998,0.1763,0.14789,0.26647,0.3778,-0.1347,0.50527,0.16509,0.19942,0.2824,0.50576,-0.2056,0.46877,0.16801,0.17925,0.28064,0.54896,-0.23393,0.46091,0.1714,0.21001,0.29998,0.54906,-0.28811,0.47032,0.17449,0.20754,0.30504,0.53649,-0.22177,0.49106,0.50802,0.11013,0.37414,0.50919,-0.11051,0.51414,0.71664,0.09474,0.34,0.7107,-0.22835,0.53175,0.90398,0.27269,0.29208,0.91145,-0.07715,0.49834,0.93651,0.27626,0.27539,0.94353,-0.07657,0.64228,0.94505,0.05908,0.30984,0.96941,-0.36446
stand,0.49433,0.21854,-0.42355,0.51022,0.2045,-0.39543,0.51695,0.20469,-0.39549,0.52441,0.20457,-0.39549,0.48334,0.20402,-0.3923,0.47306,0.20379,-0.39229,0.46477,0.20352,-0.39232,0.53633,0.20966,-0.18216,0.45161,0.20755,-0.16468,0.50812,0.23443,-0.33603,0.47507,0.23417,-0.33183,0.60429,0.29144,-0.09567,0.37764,0.29016,-0.03274,0.59873,0.39595,-0.18801,0.35551,0.39733,-0.16128,0.42684,0.37693,-0.32729,0.52259,0.38655,-0.35461,0.39223,0.3781,-0.37458,0.56249,0.38611,-0.40815,0.39077,0.36666,-0.35266,0.56564,0.3752,-0.37535,0.40394,0.36608,-0.31655,0.55479,0.37344,-0.34184,0.54484,0.51764,-0.02013,0.41502,0.51543,0.02012,0.53131,0.68353,-0.04447,0.42135,0.67981,0.03866,0.52661,0.81969,0.3742,0.42048,0.81496,0.38194,0.51487,0.83266,0.40102,0.43308,0.82681,0.40469,0.53386,0.88117,0.12815,0.39466,0.8788,0.14418
stand,0.38873,0.13616,-0.5725,0.39694,0.11496,-0.57072,0.40724,0.1122,-0.57083,0.4177,0.11003,-0.57091,0.37123,0.12168,-0.52088,0.3638,0.12315,-0.52077,0.35646,0.12464,-0.52098,0.44489,0.10995,-0.41389,0.36359,0.12566,-0.18414,0.42222,0.14723,-0.50407,0.38701,0.15328,-0.43813,0.58281,0.20351,-0.42029,0.33989,0.21719,0.14631,0.63282,0.34537,-0.46334,0.30854,0.3435,0.32456,0.53507,0.45414,-0.68958,0.28327,0.46449,0.01003,0.50387,0.49056,-0.79665,0.28257,0.50597,-0.05616,0.48308,0.4743,-0.8516,0.29203,0.50114,-0.15486,0.48434,0.46239,-0.70964,0.29845,0.48784,-0.03896,0.49645,0.48725,-0.19969,0.37725,0.48173,0.19999,0.49775,0.6709,-0.2348,0.406,0.65365,0.41355,0.48084,0.84989,-0.0007,0.42249,0.80168,0.92579,0.49005,0.87287,-0.00163,0.4445,0.82506,0.95838,0.44294,0.92228,-0.37106,0.31456,0.85036,0.73154
stand,0.40433,0.08023,-0.27792,0.41859,0.06172,-0.25544,0.42943,0.06075,-0.2556,0.43707,0.06045,-0.25586,0.3868,0.06524,-0.2344,0.37796,0.06681,-0.23423,0.36989,0.06838,-0.23408,0.45671,0.06899,-0.07177,0.36399,0.07831,0.02921,0.4294,0.098,-0.20157,0.39001,0.10136,-0.17324,0.55384,0.18383,-0.04241,0.3149,0.19182,0.25283,0.66022,0.31399,-0.03785,0.28177,0.32618,0.36821,0.55015,0.38066,-0.159,0.31541,0.39252,0.19293,0.52293,0.40401,-0.22222,0.32721,0.42253,0.13524,0.50817,0.39156,-0.24609,0.3428,0.41003,0.09253,0.51422,0.38282,-0.164,0.34185,0.39873,0.16942,0.48333,0.48212,-0.12424,0.35817,0.48213,0.12444,0.5301,0.71049,-0.22397,0.38822,0.70822,0.18673,0.60032,0.93915,-0.14519,0.44208,0.90899,0.44583,0.60359,0.96085,-0.15646,0.47164,0.93603,0.45536,0.59559,0.99832,-0.49245,0.35261,0.9789,0.22029
stand,0.52323,0.18561,-0.71698,0.53252,0.16914,-0.65765,0.53889,0.16936,-0.6575,0.54479,0.16918,-0.65735,0.50771,0.16635,-0.69991,0.4969,0.16431,-0.69994,0.48454,0.1624,-0.69987,0.53853,0.16981,-0.31645,0.45424,0.16233,-0.51465,0.52568,0.20474,-0.58261,0.49594,0.20151,-0.63907,0.51356,0.26205,0.07158,0.36979,0.24874,-0.53408,0.49712,0.40179,0.22142,0.28045,0.39339,-0.6535,0.52733,0.49581,-0.00845,0.38652,0.49092,-0.79616,0.5358,0.53175,-0.03904,0.40703,0.52389,-0.87881,0.54136,0.5331,-0.11566,0.43546,0.51484,-0.86193,0.53464,0.52032,-0.0491,0.43125,0.50401,-0.7855,0.51049,0.51919,0.21773,0.44043,0.51672,-0.2182,0.47471,0.69721,0.31974,0.51909,0.69012,-0.2164,0.42773,0.88227,0.53476,0.47667,0.87859,0.0056,0.39179,0.91458,0.54232,0.4414,0.90414,0.01843,0.51116,0.92983,0.39013,0.54374,0.93821,-0.18272
stand,0.49576,0.12132,-0.93017,0.51196,0.10261,-0.88579,0.52142,0.10248,-0.88584,0.52993,0.10274,-0.88585,0.48043,0.10328,-0.89195,0.46846,0.10373,-0.89204,0.4582,0.10434,-0.89221,0.54556,0.11049,-0.54889,0.44319,0.1124,-0.58122,0.51509,0.14036,-0.79762,0.47782,0.14229,-0.80672,0.64231,0.21004,-0.30129,0.36289,0.22523,-0.32091,0.69096,0.34592,-0.14719,0.34169,0.36244,-0.1795,0.68795,0.46621,-0.4358,0.33802,0.46844,-0.43375,0.69301,0.50474,-0.51558,0.33449,0.4992,-0.50759,0.67176,0.50441,-0.61223,0.35307,0.4969,-0.6072,0.66234,0.49172,-0.47811,0.35768,0.48688,-0.47755,0.60492,0.4988,0.0222,0.45406,0.49966,-0.02173,0.64434,0.7015,-0.09511,0.48074,0.70312,-0.13484,0.4766,0.82261,0.67509,0.51245,0.86975,0.34982,0.43353,0.83385,0.7361,0.51826,0.8891,0.37835,0.47976,0.91342,0.45378,0.51849,0.95206,0.00097
